{"cameraMode":{"drawMode":0,"name":"Shaded","section":"Shading Mode"},"sceneLighting":true,"audioPlay":false,"sceneViewState":{"showFog":true,"showMaterialUpdate":true,"showSkybox":true,"showFlares":true,"showImageEffects":true,"showParticleSystems":true},"in2DMode":false,"pivot":{"x":463.001220703125,"y":5.012119293212891,"z":466.40338134765627},"rotation":{"x":0.5185898542404175,"y":-0.02179812639951706,"z":0.013226909562945366,"w":0.8546430468559265},"size":142.85470581054688,"orthographic":false}