{"cameraMode":{"drawMode":0,"name":"Shaded","section":"Shading Mode"},"sceneLighting":true,"audioPlay":false,"sceneViewState":{"showFog":true,"showMaterialUpdate":true,"showSkybox":true,"showFlares":true,"showImageEffects":true,"showParticleSystems":true},"in2DMode":false,"pivot":{"x":331.193603515625,"y":0.8708031177520752,"z":462.1357421875},"rotation":{"x":-0.09988410770893097,"y":-0.6382647156715393,"z":0.08402451127767563,"w":-0.7586852312088013},"size":1.7725448608398438,"orthographic":false}