{"cameraMode":{"drawMode":0,"name":"Shaded","section":"Shading Mode"},"sceneLighting":true,"audioPlay":false,"sceneViewState":{"showFog":true,"showMaterialUpdate":true,"showSkybox":true,"showFlares":true,"showImageEffects":true,"showParticleSystems":true},"in2DMode":false,"pivot":{"x":194.09442138671876,"y":13.932117462158204,"z":87.33952331542969},"rotation":{"x":0.1060912013053894,"y":0.88963383436203,"z":-0.26441019773483279,"w":0.3569626212120056},"size":168.07315063476563,"orthographic":false}