{"cameraMode":{"drawMode":0,"name":"Shaded","section":"Shading Mode"},"sceneLighting":true,"audioPlay":false,"sceneViewState":{"showFog":true,"showMaterialUpdate":true,"showSkybox":true,"showFlares":true,"showImageEffects":true,"showParticleSystems":true},"in2DMode":false,"pivot":{"x":326.03363037109377,"y":6.196770668029785,"z":456.1724853515625},"rotation":{"x":0.21494491398334504,"y":0.7791714668273926,"z":-0.46707290410995486,"w":0.35864827036857607},"size":7.628650665283203,"orthographic":false}