{"cameraMode":{"drawMode":0,"name":"Shaded","section":"Shading Mode"},"sceneLighting":true,"audioPlay":false,"sceneViewState":{"showFog":true,"showMaterialUpdate":true,"showSkybox":true,"showFlares":true,"showImageEffects":true,"showParticleSystems":true},"in2DMode":false,"pivot":{"x":468.39288330078127,"y":24.62065887451172,"z":429.60540771484377},"rotation":{"x":0.08998381346464157,"y":-0.9067562222480774,"z":0.3289361000061035,"w":0.24805304408073426},"size":46.02804183959961,"orthographic":false}