{"cameraMode":{"drawMode":0,"name":"Shaded","section":"Shading Mode"},"sceneLighting":true,"audioPlay":false,"sceneViewState":{"showFog":true,"showMaterialUpdate":true,"showSkybox":true,"showFlares":true,"showImageEffects":true,"showParticleSystems":true},"in2DMode":false,"pivot":{"x":321.44915771484377,"y":8.780296325683594,"z":421.867431640625},"rotation":{"x":-0.05402549356222153,"y":-0.47598764300346377,"z":0.029299553483724595,"w":-0.8773088455200195},"size":5.29122257232666,"orthographic":false}