{"cameraMode":{"drawMode":0,"name":"Shaded","section":"Shading Mode"},"sceneLighting":true,"audioPlay":false,"sceneViewState":{"showFog":true,"showMaterialUpdate":true,"showSkybox":true,"showFlares":true,"showImageEffects":true,"showParticleSystems":true},"in2DMode":false,"pivot":{"x":178.71456909179688,"y":54.10038375854492,"z":114.48717498779297},"rotation":{"x":0.07766319811344147,"y":-0.8976253867149353,"z":0.17527702450752259,"w":0.39698874950408938},"size":125.92454528808594,"orthographic":false}