{"cameraMode":{"drawMode":0,"name":"Shaded","section":"Shading Mode"},"sceneLighting":true,"audioPlay":false,"sceneViewState":{"showFog":true,"showMaterialUpdate":true,"showSkybox":true,"showFlares":true,"showImageEffects":true,"showParticleSystems":true},"in2DMode":false,"pivot":{"x":412.2780456542969,"y":-18.72903823852539,"z":430.259521484375},"rotation":{"x":0.2486121952533722,"y":0.7509000897407532,"z":-0.41597890853881838,"w":0.4487432539463043},"size":74.3622055053711,"orthographic":false}